,mean_fit_time,std_fit_time,mean_score_time,std_score_time,param_criterion,param_max_depth,param_n_estimators,params,split0_test_score,split1_test_score,split2_test_score,split3_test_score,split4_test_score,split5_test_score,split6_test_score,split7_test_score,split8_test_score,split9_test_score,mean_test_score,std_test_score,rank_test_score
0,1.0665153741836548,0.31615606605281277,0.10338053703308106,0.0007093652658628993,entropy,16,50,"{'criterion': 'entropy', 'max_depth': 16, 'n_estimators': 50}",0.8569172457359444,0.8616550852811118,0.8600758054327227,0.8572331017056223,0.8626026531901453,0.8569172457359444,0.8571879936808847,0.869826224328594,0.8631911532385466,0.8571428571428571,0.8602748380982467,0.003977668889716656,57
1,1.2391626834869385,0.03603054300423395,0.10355281829833984,0.00039174185194434014,entropy,16,75,"{'criterion': 'entropy', 'max_depth': 16, 'n_estimators': 75}",0.8600758054327227,0.8632343651295009,0.8600758054327227,0.8569172457359444,0.8607075173720783,0.8588123815540114,0.8587677725118483,0.8701421800947867,0.865086887835703,0.8574589127686473,0.8611277839203917,0.0038192095217701905,30
2,1.6476380109786988,0.020956449000639962,0.1046147108078003,0.002990555365984846,entropy,16,100,"{'criterion': 'entropy', 'max_depth': 16, 'n_estimators': 100}",0.8591282375236892,0.8635502210991788,0.859444093493367,0.8588123815540114,0.8641819330385344,0.8581806696146557,0.8597156398104265,0.8688783570300158,0.8635071090047394,0.859039190897598,0.8614436897804454,0.0032735227265931416,21
3,2.04665629863739,0.0511457522722291,0.10377225875854493,0.0011875593152437874,entropy,16,125,"{'criterion': 'entropy', 'max_depth': 16, 'n_estimators': 125}",0.8584965255843335,0.8635502210991788,0.8616550852811118,0.8584965255843335,0.8641819330385344,0.859444093493367,0.8593996840442338,0.869826224328594,0.865086887835703,0.8577749683944375,0.8617911862265045,0.003651093365567115,7
4,2.4362727642059325,0.031188758227639723,0.10324256420135498,0.000415360967782375,entropy,16,150,"{'criterion': 'entropy', 'max_depth': 16, 'n_estimators': 150}",0.8572331017056223,0.8632343651295009,0.8603916614024005,0.8588123815540114,0.8638660770688567,0.8578648136449779,0.8597156398104265,0.869826224328594,0.8641390205371248,0.8606194690265486,0.8615700521244669,0.003587121857275851,16
5,2.799612021446228,0.052556166772120126,0.10380761623382569,0.001591317064779542,entropy,16,175,"{'criterion': 'entropy', 'max_depth': 16, 'n_estimators': 175}",0.8584965255843335,0.8632343651295009,0.8610233733417562,0.8581806696146557,0.8638660770688567,0.8575489576753,0.859083728278041,0.8688783570300158,0.8635071090047394,0.8599873577749684,0.8613805086084347,0.0033306329945198485,25
6,0.8814392328262329,0.025822856326192786,0.1040888786315918,0.0009956994210055096,entropy,17,50,"{'criterion': 'entropy', 'max_depth': 17, 'n_estimators': 50}",0.8581806696146557,0.8654453569172458,0.8629185091598232,0.8537586860391662,0.8603916614024005,0.8603916614024005,0.8587677725118483,0.8701421800947867,0.8619273301737757,0.8584070796460177,0.8610330121623756,0.004250857582034207,34
7,1.2871315002441406,0.040275799358765296,0.10308043956756592,0.0005252849589276828,entropy,17,75,"{'criterion': 'entropy', 'max_depth': 17, 'n_estimators': 75}",0.8556538218572332,0.866708780795957,0.8610233733417562,0.8553379658875553,0.8616550852811118,0.8622867972204674,0.8584518167456556,0.869826224328594,0.8612954186413903,0.8577749683944375,0.8610014215763703,0.0043611500382120996,37
8,1.6748006820678711,0.021808222355238972,0.10341939926147461,0.0005706229722946415,entropy,17,100,"{'criterion': 'entropy', 'max_depth': 17, 'n_estimators': 100}",0.8556538218572332,0.8657612128869235,0.8651295009475679,0.8550221099178774,0.8651295009475679,0.8607075173720783,0.859083728278041,0.8704581358609794,0.8600315955766192,0.8574589127686473,0.8614436897804454,0.004751971299447632,21
9,2.0820891857147217,0.046963660135901496,0.10351462364196777,0.0005326218207770752,entropy,17,125,"{'criterion': 'entropy', 'max_depth': 17, 'n_estimators': 125}",0.8566013897662665,0.8673404927353127,0.8651295009475679,0.8543903979785218,0.86481364497789,0.8616550852811118,0.8597156398104265,0.8707740916271722,0.860347551342812,0.856826801517067,0.8617595956404991,0.004944833915891496,10
10,2.50565083026886,0.040362632128646735,0.10353221893310546,0.0006307420733034915,entropy,17,150,"{'criterion': 'entropy', 'max_depth': 17, 'n_estimators': 150}",0.8556538218572332,0.8676563487049905,0.8644977890082123,0.8547062539481997,0.8635502210991788,0.8588123815540114,0.860347551342812,0.8704581358609794,0.861611374407583,0.8574589127686473,0.8614752803664508,0.0048637551537129555,19
11,2.8653456926345826,0.03981740944681855,0.10288684368133545,0.0002839054973447974,entropy,17,175,"{'criterion': 'entropy', 'max_depth': 17, 'n_estimators': 175}",0.8553379658875553,0.866708780795957,0.8644977890082123,0.8537586860391662,0.8632343651295009,0.8591282375236892,0.861611374407583,0.8701421800947867,0.8631911532385466,0.8571428571428571,0.8614752803664508,0.004890701084243396,19
12,0.909497857093811,0.023691667815655404,0.10370597839355469,0.0011533914082957244,entropy,18,50,"{'criterion': 'entropy', 'max_depth': 18, 'n_estimators': 50}",0.8597599494630449,0.8663929248262792,0.8588123815540114,0.8584965255843335,0.8676563487049905,0.8566013897662665,0.8571879936808847,0.8688783570300158,0.8622432859399684,0.8580910240202275,0.8614120991944401,0.004361639616535319,24
13,1.2910810470581056,0.02084370567093487,0.10385327339172364,0.0011801029666805246,entropy,18,75,"{'criterion': 'entropy', 'max_depth': 18, 'n_estimators': 75}",0.8578648136449779,0.8635502210991788,0.8629185091598232,0.8562855337965888,0.8641819330385344,0.8610233733417562,0.8593996840442338,0.8676145339652449,0.8647709320695103,0.8606194690265486,0.8618227768125098,0.003259938065870448,6
14,1.734229826927185,0.03050766935108445,0.10356507301330567,0.0008716846134470423,entropy,18,100,"{'criterion': 'entropy', 'max_depth': 18, 'n_estimators': 100}",0.8578648136449779,0.86481364497789,0.8619709412507897,0.8559696778269109,0.8641819330385344,0.8588123815540114,0.859083728278041,0.8701421800947867,0.8644549763033176,0.859039190897598,0.8616332332964777,0.004056435964899444,14
15,2.135552453994751,0.03409170968854145,0.10376319885253907,0.001219615433997993,entropy,18,125,"{'criterion': 'entropy', 'max_depth': 18, 'n_estimators': 125}",0.859444093493367,0.8654453569172458,0.8622867972204674,0.8559696778269109,0.86481364497789,0.8600758054327227,0.8593996840442338,0.8682464454976303,0.8644549763033176,0.8571428571428571,0.8617280050544938,0.003756582188999113,13
16,2.568982553482056,0.03440589031092889,0.10322368144989014,0.0003661488945193779,entropy,18,150,"{'criterion': 'entropy', 'max_depth': 18, 'n_estimators': 150}",0.8578648136449779,0.8660770688566014,0.8622867972204674,0.8572331017056223,0.86481364497789,0.8591282375236892,0.8597156398104265,0.8679304897314376,0.865086887835703,0.8577749683944375,0.8617911862265045,0.003741915704098584,7
17,2.981417012214661,0.04301373613573717,0.1134880781173706,0.03016660789886516,entropy,18,175,"{'criterion': 'entropy', 'max_depth': 18, 'n_estimators': 175}",0.8588123815540114,0.8663929248262792,0.8616550852811118,0.8553379658875553,0.8651295009475679,0.8600758054327227,0.8606635071090047,0.8679304897314376,0.8666666666666667,0.856826801517067,0.8619491391565314,0.004158357062191714,4
18,0.9464572429656982,0.02513768967659478,0.10329375267028809,0.0005249715862651577,entropy,19,50,"{'criterion': 'entropy', 'max_depth': 19, 'n_estimators': 50}",0.8588123815540114,0.8610233733417562,0.8600758054327227,0.8566013897662665,0.8626026531901453,0.8550221099178774,0.860347551342812,0.8688783570300158,0.8609794628751974,0.8596713021491783,0.8604012004422682,0.0035208739566476854,55
19,1.339723539352417,0.02801421760715219,0.1033287525177002,0.0007441961322949821,entropy,19,75,"{'criterion': 'entropy', 'max_depth': 19, 'n_estimators': 75}",0.8569172457359444,0.8626026531901453,0.8600758054327227,0.8550221099178774,0.8607075173720783,0.8550221099178774,0.855608214849921,0.8669826224328594,0.8638230647709321,0.8577749683944375,0.8594534828621071,0.003885382008708104,72
20,1.764861249923706,0.03184482523920755,0.10357332229614258,0.00047344339968520034,entropy,19,100,"{'criterion': 'entropy', 'max_depth': 19, 'n_estimators': 100}",0.8578648136449779,0.8629185091598232,0.8597599494630449,0.8547062539481997,0.8632343651295009,0.8556538218572332,0.8578199052132701,0.8679304897314376,0.8631911532385466,0.8599873577749684,0.8603064286842521,0.0038392372676631613,56
21,2.23203284740448,0.0910608921726042,0.10340962409973145,0.0006979938445316243,entropy,19,125,"{'criterion': 'entropy', 'max_depth': 19, 'n_estimators': 125}",0.8584965255843335,0.8644977890082123,0.8610233733417562,0.8556538218572332,0.8641819330385344,0.8578648136449779,0.855608214849921,0.8663507109004739,0.8635071090047394,0.8587231352718079,0.8605907439583004,0.0036678665952030267,48
22,2.6729697704315187,0.06564653044844841,0.10354115962982177,0.0009661191381520488,entropy,19,150,"{'criterion': 'entropy', 'max_depth': 19, 'n_estimators': 150}",0.8562855337965888,0.8663929248262792,0.8588123815540114,0.8556538218572332,0.8644977890082123,0.8588123815540114,0.8568720379146919,0.8682464454976303,0.8631911532385466,0.8574589127686473,0.8606223345443058,0.004326209512041628,47
23,3.042874813079834,0.02825959807293037,0.11293969154357911,0.029982057829548908,entropy,19,175,"{'criterion': 'entropy', 'max_depth': 19, 'n_estimators': 175}",0.8566013897662665,0.8654453569172458,0.8597599494630449,0.8553379658875553,0.86481364497789,0.859444093493367,0.8581358609794629,0.8691943127962085,0.8628751974723539,0.8587231352718079,0.8610330121623756,0.004167840493487964,34
24,0.9432342052459717,0.018290354635564873,0.10326173305511474,0.0006388097860705703,entropy,20,50,"{'criterion': 'entropy', 'max_depth': 20, 'n_estimators': 50}",0.8591282375236892,0.8638660770688567,0.859444093493367,0.8591282375236892,0.8619709412507897,0.8550221099178774,0.855608214849921,0.8688783570300158,0.8622432859399684,0.8555625790139064,0.8600852945822145,0.00410102868510692,64
25,1.376998281478882,0.02408772191980934,0.10324702262878419,0.0003735131265953485,entropy,20,75,"{'criterion': 'entropy', 'max_depth': 20, 'n_estimators': 75}",0.8575489576753,0.8651295009475679,0.8610233733417562,0.8584965255843335,0.8616550852811118,0.8556538218572332,0.8571879936808847,0.8679304897314376,0.8631911532385466,0.8571428571428571,0.8604959722002843,0.0037938761098579147,51
26,1.813027262687683,0.027158352707175506,0.10336091518402099,0.00036636517006924163,entropy,20,100,"{'criterion': 'entropy', 'max_depth': 20, 'n_estimators': 100}",0.8578648136449779,0.8676563487049905,0.8591282375236892,0.8578648136449779,0.8619709412507897,0.8578648136449779,0.8565560821484992,0.8685624012638231,0.8638230647709321,0.8577749683944375,0.8609066498183541,0.004164818104142608,40
27,2.26006498336792,0.04426637095614136,0.1038172721862793,0.0013320196959183306,entropy,20,125,"{'criterion': 'entropy', 'max_depth': 20, 'n_estimators': 125}",0.8591282375236892,0.866708780795957,0.8616550852811118,0.8562855337965888,0.8619709412507897,0.8569172457359444,0.8549763033175355,0.8679304897314376,0.8609794628751974,0.8584070796460177,0.8604959722002843,0.004060246237458703,51
28,2.6986152648925783,0.03270792013869465,0.10348663330078126,0.0011239661008843641,entropy,20,150,"{'criterion': 'entropy', 'max_depth': 20, 'n_estimators': 150}",0.8575489576753,0.866708780795957,0.8591282375236892,0.8578648136449779,0.8644977890082123,0.8597599494630449,0.8581358609794629,0.8679304897314376,0.8622432859399684,0.859039190897598,0.8612857368504185,0.003638879382051809,28
29,3.12577965259552,0.056417948709431606,0.10308167934417725,0.0004199924662687509,entropy,20,175,"{'criterion': 'entropy', 'max_depth': 20, 'n_estimators': 175}",0.8584965255843335,0.86481364497789,0.8572331017056223,0.8569172457359444,0.8651295009475679,0.8575489576753,0.8584518167456556,0.8704581358609794,0.8609794628751974,0.8577749683944375,0.8607802874743327,0.004318482222283162,44
30,0.9605393171310425,0.017015904450016776,0.104083251953125,0.0015647908184993336,entropy,21,50,"{'criterion': 'entropy', 'max_depth': 21, 'n_estimators': 50}",0.8572331017056223,0.86481364497789,0.8581806696146557,0.8578648136449779,0.8607075173720783,0.8591282375236892,0.859083728278041,0.8682464454976303,0.8625592417061612,0.859039190897598,0.8606855157163166,0.0033401702848944556,46
31,1.3934489250183106,0.01733913428790734,0.10414550304412842,0.0014547422367870403,entropy,21,75,"{'criterion': 'entropy', 'max_depth': 21, 'n_estimators': 75}",0.8556538218572332,0.8644977890082123,0.8638660770688567,0.8569172457359444,0.8629185091598232,0.8572331017056223,0.8587677725118483,0.8679304897314376,0.8631911532385466,0.8571428571428571,0.860811878060338,0.0039484931227640315,43
32,1.839901065826416,0.03921779671557309,0.10364227294921875,0.00046178852372930334,entropy,21,100,"{'criterion': 'entropy', 'max_depth': 21, 'n_estimators': 100}",0.8575489576753,0.8657612128869235,0.8629185091598232,0.8562855337965888,0.8635502210991788,0.8578648136449779,0.8575039494470774,0.869826224328594,0.8628751974723539,0.8593552465233881,0.8613489180224293,0.004146607522391178,26
33,2.2804190874099732,0.047332220123974186,0.10309195518493652,0.000508827946845559,entropy,21,125,"{'criterion': 'entropy', 'max_depth': 21, 'n_estimators': 125}",0.8572331017056223,0.8651295009475679,0.8610233733417562,0.8556538218572332,0.8607075173720783,0.8584965255843335,0.8571879936808847,0.8695102685624012,0.8638230647709321,0.8596713021491783,0.8608434686463434,0.004032594647110871,41
34,2.745919704437256,0.041289533652770126,0.10408267974853516,0.0012952021106219143,entropy,21,150,"{'criterion': 'entropy', 'max_depth': 21, 'n_estimators': 150}",0.8566013897662665,0.8635502210991788,0.8626026531901453,0.8562855337965888,0.8610233733417562,0.8591282375236892,0.8575039494470774,0.8688783570300158,0.8635071090047394,0.8606194690265486,0.8609698309903648,0.0036723025947299993,38
35,3.2135639905929567,0.11894534026217647,0.10337526798248291,0.0013654992680787778,entropy,21,175,"{'criterion': 'entropy', 'max_depth': 21, 'n_estimators': 175}",0.8572331017056223,0.86481364497789,0.8619709412507897,0.8550221099178774,0.8597599494630449,0.8584965255843335,0.8565560821484992,0.8691943127962085,0.8612954186413903,0.8599873577749684,0.8604327910282735,0.003974976491189961,54
36,0.9794153690338134,0.0355267783062419,0.10357260704040527,0.0003585009566768764,entropy,22,50,"{'criterion': 'entropy', 'max_depth': 22, 'n_estimators': 50}",0.8566013897662665,0.8632343651295009,0.8588123815540114,0.8556538218572332,0.8600758054327227,0.8543903979785218,0.8559241706161137,0.8714060031595576,0.8622432859399684,0.8555625790139064,0.8593903016900963,0.0049140423103011975,73
37,1.444397759437561,0.04312605525810629,0.10313913822174073,0.0005975307527340403,entropy,22,75,"{'criterion': 'entropy', 'max_depth': 22, 'n_estimators': 75}",0.8553379658875553,0.8622867972204674,0.8603916614024005,0.8566013897662665,0.8556538218572332,0.859444093493367,0.8552922590837283,0.8714060031595576,0.8587677725118483,0.8558786346396966,0.8591059864160481,0.004696958788866515,74
38,1.9048479080200196,0.03219704277358218,0.10443105697631835,0.0029132573499846457,entropy,22,100,"{'criterion': 'entropy', 'max_depth': 22, 'n_estimators': 100}",0.8572331017056223,0.8619709412507897,0.859444093493367,0.8581806696146557,0.8588123815540114,0.8591282375236892,0.8524486571879937,0.8717219589257504,0.860347551342812,0.8571428571428571,0.8596430263781393,0.004676908515288955,71
39,2.3373608112335207,0.031877772560620375,0.103403639793396,0.0006891757985904331,entropy,22,125,"{'criterion': 'entropy', 'max_depth': 22, 'n_estimators': 125}",0.8575489576753,0.8619709412507897,0.859444093493367,0.8575489576753,0.8597599494630449,0.8591282375236892,0.8568720379146919,0.8707740916271722,0.8619273301737757,0.8577749683944375,0.8602748380982467,0.003883059786221597,57
40,2.8298165798187256,0.05763684649385544,0.10302462577819824,0.0003393158308203343,entropy,22,150,"{'criterion': 'entropy', 'max_depth': 22, 'n_estimators': 150}",0.8566013897662665,0.8619709412507897,0.8591282375236892,0.8578648136449779,0.8591282375236892,0.8572331017056223,0.8546603475513428,0.8717219589257504,0.8625592417061612,0.8565107458912768,0.8597377981361555,0.004616218883372683,70
41,3.248056983947754,0.043545819356497144,0.1132730484008789,0.030108148165061223,entropy,22,175,"{'criterion': 'entropy', 'max_depth': 22, 'n_estimators': 175}",0.8559696778269109,0.8619709412507897,0.8578648136449779,0.8581806696146557,0.8591282375236892,0.8575489576753,0.8578199052132701,0.8729857819905213,0.8612954186413903,0.8565107458912768,0.8599273416521876,0.004710841723077901,68
42,0.9813431739807129,0.017168751581250218,0.10378022193908691,0.0005240162112248043,entropy,23,50,"{'criterion': 'entropy', 'max_depth': 23, 'n_estimators': 50}",0.8562855337965888,0.8600758054327227,0.8581806696146557,0.8512318382817435,0.8588123815540114,0.8528111181301327,0.8546603475513428,0.8717219589257504,0.8581358609794629,0.8580910240202275,0.85800031590586,0.005292701451596049,77
43,1.5680813550949098,0.20066965086822655,0.10345430374145508,0.0005755067433403575,entropy,23,75,"{'criterion': 'entropy', 'max_depth': 23, 'n_estimators': 75}",0.8556538218572332,0.86481364497789,0.8559696778269109,0.8553379658875553,0.8600758054327227,0.8528111181301327,0.8584518167456556,0.8701421800947867,0.859083728278041,0.8584070796460177,0.8590743958300426,0.004814533436631228,75
44,2.2843509197235106,0.4247671166301979,0.12505888938903809,0.042619041481903035,entropy,23,100,"{'criterion': 'entropy', 'max_depth': 23, 'n_estimators': 100}",0.8550221099178774,0.8635502210991788,0.8562855337965888,0.8534428300694883,0.8584965255843335,0.8493367024636765,0.8593996840442338,0.8701421800947867,0.8565560821484992,0.8577749683944375,0.85800031590586,0.005387062112916313,77
45,2.7097278833389282,0.13024171348434338,0.10378196239471435,0.000532937988478727,entropy,23,125,"{'criterion': 'entropy', 'max_depth': 23, 'n_estimators': 125}",0.8537586860391662,0.8641819330385344,0.8575489576753,0.8550221099178774,0.8597599494630449,0.8534428300694883,0.8593996840442338,0.869826224328594,0.859083728278041,0.8584070796460177,0.8590428052440373,0.00470550097661683,76
46,3.2603819608688354,0.424970699314379,0.1250368595123291,0.06586739321483139,entropy,23,150,"{'criterion': 'entropy', 'max_depth': 23, 'n_estimators': 150}",0.8566013897662665,0.8638660770688567,0.8569172457359444,0.8562855337965888,0.861339229311434,0.8553379658875553,0.8584518167456556,0.8710900473933649,0.8606635071090047,0.8603034134007586,0.8600852945822145,0.0044627689805781245,64
47,3.9455496311187743,0.33715685150808794,0.15431153774261475,0.06959137634121475,entropy,23,175,"{'criterion': 'entropy', 'max_depth': 23, 'n_estimators': 175}",0.8572331017056223,0.8654453569172458,0.8572331017056223,0.8550221099178774,0.8597599494630449,0.8550221099178774,0.8606635071090047,0.8707740916271722,0.8619273301737757,0.8596713021491783,0.8602748380982467,0.004627788244826259,57
48,0.8870933055877686,0.10713869243622272,0.1043008804321289,0.002114093200397472,gini,13,50,"{'criterion': 'gini', 'max_depth': 13, 'n_estimators': 50}",0.8547062539481997,0.8638660770688567,0.8641819330385344,0.8556538218572332,0.8657612128869235,0.8572331017056223,0.8562401263823065,0.8685624012638231,0.8619273301737757,0.8577749683944375,0.8605907439583004,0.004613291829060821,48
49,1.0666538715362548,0.12035811291794565,0.10465416908264161,0.0014854088903857483,gini,13,75,"{'criterion': 'gini', 'max_depth': 13, 'n_estimators': 75}",0.8534428300694883,0.8619709412507897,0.8635502210991788,0.8569172457359444,0.8663929248262792,0.8569172457359444,0.8559241706161137,0.8701421800947867,0.8622432859399684,0.8571428571428571,0.860464381614279,0.004998719911963113,53
50,1.4156044006347657,0.11340611552300031,0.10347943305969239,0.0005772428413398096,gini,13,100,"{'criterion': 'gini', 'max_depth': 13, 'n_estimators': 100}",0.8547062539481997,0.8607075173720783,0.8644977890082123,0.8559696778269109,0.8660770688566014,0.8569172457359444,0.8546603475513428,0.869826224328594,0.861611374407583,0.8574589127686473,0.8602432475122413,0.004949292658709845,61
51,1.7826255083084106,0.20060623610190959,0.11396050453186035,0.03123483971186178,gini,13,125,"{'criterion': 'gini', 'max_depth': 13, 'n_estimators': 125}",0.8547062539481997,0.861339229311434,0.8632343651295009,0.8559696778269109,0.8641819330385344,0.8562855337965888,0.8571879936808847,0.8695102685624012,0.8609794628751974,0.8584070796460177,0.8601800663402306,0.004351204341557074,62
52,2.4278046607971193,0.38408572099690813,0.1245105504989624,0.04119508732689615,gini,13,150,"{'criterion': 'gini', 'max_depth': 13, 'n_estimators': 150}",0.8540745420088439,0.8622867972204674,0.8635502210991788,0.8559696778269109,0.8657612128869235,0.8562855337965888,0.8549763033175355,0.8695102685624012,0.8609794628751974,0.8584070796460177,0.8601800663402306,0.004847998125613757,62
53,2.601280450820923,0.3312294603875726,0.12577831745147705,0.04358418747555845,gini,13,175,"{'criterion': 'gini', 'max_depth': 13, 'n_estimators': 175}",0.8553379658875553,0.8603916614024005,0.8626026531901453,0.8556538218572332,0.8670246367656349,0.8559696778269109,0.8552922590837283,0.8688783570300158,0.8609794628751974,0.8574589127686473,0.859958932238193,0.004706659216146716,67
54,0.7944480180740356,0.0792097430242332,0.10386805534362793,0.0008123473581653672,gini,14,50,"{'criterion': 'gini', 'max_depth': 14, 'n_estimators': 50}",0.8556538218572332,0.8641819330385344,0.8616550852811118,0.8572331017056223,0.8626026531901453,0.8566013897662665,0.8575039494470774,0.869826224328594,0.8606635071090047,0.8599873577749684,0.8605907439583004,0.004059886262933947,48
55,1.124856209754944,0.1434975436735926,0.10479190349578857,0.002887528859240956,gini,14,75,"{'criterion': 'gini', 'max_depth': 14, 'n_estimators': 75}",0.8562855337965888,0.8635502210991788,0.8632343651295009,0.8597599494630449,0.8663929248262792,0.8559696778269109,0.8562401263823065,0.8714060031595576,0.8622432859399684,0.8599873577749684,0.8615068709524561,0.0046966347540325915,18
56,1.4364279508590698,0.1688841794275307,0.10401992797851563,0.001732680186518855,gini,14,100,"{'criterion': 'gini', 'max_depth': 14, 'n_estimators': 100}",0.8566013897662665,0.8626026531901453,0.8632343651295009,0.8607075173720783,0.8638660770688567,0.8559696778269109,0.855608214849921,0.8714060031595576,0.860347551342812,0.8609355246523388,0.8611277839203917,0.0044511048381112904,30
57,2.1423909187316896,0.32697210089206113,0.13594989776611327,0.048018430654071534,gini,14,125,"{'criterion': 'gini', 'max_depth': 14, 'n_estimators': 125}",0.8562855337965888,0.8632343651295009,0.8616550852811118,0.8603916614024005,0.8651295009475679,0.8566013897662665,0.8559241706161137,0.8714060031595576,0.8612954186413903,0.8593552465233881,0.8611277839203917,0.004484241209863407,30
58,2.1690757274627686,0.1515720556186896,0.10421988964080811,0.0024571377941146172,gini,14,150,"{'criterion': 'gini', 'max_depth': 14, 'n_estimators': 150}",0.8553379658875553,0.8632343651295009,0.8616550852811118,0.8588123815540114,0.86481364497789,0.8569172457359444,0.8559241706161137,0.8720379146919431,0.8622432859399684,0.8593552465233881,0.8610330121623756,0.004746630871620054,34
59,2.7820995330810545,0.2592940993467996,0.11315548419952393,0.03009319673422622,gini,14,175,"{'criterion': 'gini', 'max_depth': 14, 'n_estimators': 175}",0.8566013897662665,0.8622867972204674,0.8616550852811118,0.8591282375236892,0.8635502210991788,0.8569172457359444,0.8575039494470774,0.8717219589257504,0.8612954186413903,0.8625158027812895,0.861317327436424,0.004203045371890475,27
60,0.8770761489868164,0.11748893726242692,0.10427756309509277,0.0015610240806977597,gini,15,50,"{'criterion': 'gini', 'max_depth': 15, 'n_estimators': 50}",0.8543903979785218,0.8638660770688567,0.8622867972204674,0.8584965255843335,0.8616550852811118,0.8588123815540114,0.8578199052132701,0.869826224328594,0.8631911532385466,0.8606194690265486,0.8610961933343864,0.003973707167034174,33
61,1.2098472356796264,0.2234691625215196,0.11422462463378906,0.031080588212898667,gini,15,75,"{'criterion': 'gini', 'max_depth': 15, 'n_estimators': 75}",0.8553379658875553,0.8651295009475679,0.8644977890082123,0.8572331017056223,0.8619709412507897,0.8572331017056223,0.8568720379146919,0.8701421800947867,0.8631911532385466,0.8606194690265486,0.8612225556784079,0.004424200309135066,29
62,1.4426779747009277,0.23283739925688168,0.10340676307678223,0.00040308517831689854,gini,15,100,"{'criterion': 'gini', 'max_depth': 15, 'n_estimators': 100}",0.8550221099178774,0.866708780795957,0.8635502210991788,0.8575489576753,0.8638660770688567,0.8578648136449779,0.8584518167456556,0.8714060031595576,0.8641390205371248,0.859039190897598,0.8617595956404991,0.004769528377965106,10
63,1.6543057441711426,0.03482064489933344,0.10321516990661621,0.00041385102976040125,gini,15,125,"{'criterion': 'gini', 'max_depth': 15, 'n_estimators': 125}",0.8553379658875553,0.8644977890082123,0.861339229311434,0.8566013897662665,0.86481364497789,0.859444093493367,0.8606635071090047,0.8704581358609794,0.8641390205371248,0.8587231352718079,0.8616016427104722,0.004262660132498699,15
64,1.966016674041748,0.046641903606760376,0.10321962833404541,0.00024663636844247136,gini,15,150,"{'criterion': 'gini', 'max_depth': 15, 'n_estimators': 150}",0.8559696778269109,0.86481364497789,0.8622867972204674,0.8575489576753,0.8644977890082123,0.8578648136449779,0.859083728278041,0.8704581358609794,0.8635071090047394,0.8596713021491783,0.8615700521244669,0.004164165510396661,16
65,2.441367840766907,0.2521623033565103,0.12380311489105225,0.03996840825698302,gini,15,175,"{'criterion': 'gini', 'max_depth': 15, 'n_estimators': 175}",0.8562855337965888,0.8644977890082123,0.8619709412507897,0.8575489576753,0.8657612128869235,0.8572331017056223,0.859083728278041,0.869826224328594,0.8635071090047394,0.8587231352718079,0.8614436897804454,0.004186217946393664,21
66,0.7544089317321777,0.0217091849166079,0.10445818901062012,0.0032247888956848055,gini,16,50,"{'criterion': 'gini', 'max_depth': 16, 'n_estimators': 50}",0.8547062539481997,0.8657612128869235,0.8607075173720783,0.8619709412507897,0.8632343651295009,0.8619709412507897,0.8575039494470774,0.8691943127962085,0.8647709320695103,0.8577749683944375,0.8617595956404991,0.004092127012448919,10
67,1.0401658296585083,0.028378614550955864,0.1033168077468872,0.00042436771745777633,gini,16,75,"{'criterion': 'gini', 'max_depth': 16, 'n_estimators': 75}",0.8566013897662665,0.8644977890082123,0.8603916614024005,0.8610233733417562,0.8644977890082123,0.859444093493367,0.8581358609794629,0.8691943127962085,0.8647709320695103,0.8593552465233881,0.8617911862265045,0.003641643420747956,7
68,1.3676970958709718,0.018860789318122816,0.10365521907806396,0.0004452041429460942,gini,16,100,"{'criterion': 'gini', 'max_depth': 16, 'n_estimators': 100}",0.8566013897662665,0.866708780795957,0.8622867972204674,0.8591282375236892,0.8657612128869235,0.8581806696146557,0.8581358609794629,0.8695102685624012,0.8647709320695103,0.8609355246523388,0.8622018638445743,0.004100258741126351,2
69,1.6733978271484375,0.04219218474524674,0.10317392349243164,0.0003444708693791815,gini,16,125,"{'criterion': 'gini', 'max_depth': 16, 'n_estimators': 125}",0.8562855337965888,0.8663929248262792,0.8622867972204674,0.8591282375236892,0.8673404927353127,0.8588123815540114,0.8571879936808847,0.8707740916271722,0.8644549763033176,0.8606194690265486,0.8623282261885958,0.0045382535942041615,1
70,2.0375067710876467,0.03732630714725624,0.10334124565124511,0.00028045549891265076,gini,16,150,"{'criterion': 'gini', 'max_depth': 16, 'n_estimators': 150}",0.8550221099178774,0.8663929248262792,0.8616550852811118,0.8591282375236892,0.8660770688566014,0.8588123815540114,0.8565560821484992,0.8707740916271722,0.8669826224328594,0.8593552465233881,0.8620755015005528,0.004914422734456818,3
71,2.3652569532394407,0.040545592116338895,0.11310081481933594,0.030207423427656453,gini,16,175,"{'criterion': 'gini', 'max_depth': 16, 'n_estimators': 175}",0.8553379658875553,0.8657612128869235,0.8619709412507897,0.8588123815540114,0.8644977890082123,0.8581806696146557,0.8565560821484992,0.8717219589257504,0.8663507109004739,0.8599873577749684,0.8619175485705259,0.004863858445031157,5
72,0.7635405778884887,0.022672586103944115,0.10339658260345459,0.0007625733111647024,gini,17,50,"{'criterion': 'gini', 'max_depth': 17, 'n_estimators': 50}",0.8559696778269109,0.8607075173720783,0.8600758054327227,0.8550221099178774,0.8626026531901453,0.8581806696146557,0.8578199052132701,0.8691943127962085,0.8628751974723539,0.8584070796460177,0.8600852945822145,0.003893894279521569,64
73,1.09152193069458,0.02360867262435259,0.10308418273925782,0.00048656853820450445,gini,17,75,"{'criterion': 'gini', 'max_depth': 17, 'n_estimators': 75}",0.8562855337965888,0.8607075173720783,0.8588123815540114,0.8550221099178774,0.8619709412507897,0.8588123815540114,0.859083728278041,0.869826224328594,0.8622432859399684,0.8565107458912768,0.8599273416521876,0.004003956419688078,68
74,1.4365183115005493,0.026589570551899297,0.10330014228820801,0.0005037806330795004,gini,17,100,"{'criterion': 'gini', 'max_depth': 17, 'n_estimators': 100}",0.8584965255843335,0.8626026531901453,0.8578648136449779,0.8550221099178774,0.8626026531901453,0.8600758054327227,0.8587677725118483,0.8710900473933649,0.8638230647709321,0.8574589127686473,0.8607802874743327,0.004296816212003551,44
75,1.7700454473495484,0.022433979962918894,0.1033444881439209,0.0004888655358346134,gini,17,125,"{'criterion': 'gini', 'max_depth': 17, 'n_estimators': 125}",0.8553379658875553,0.8632343651295009,0.8575489576753,0.8543903979785218,0.8619709412507897,0.8584965255843335,0.8587677725118483,0.8710900473933649,0.8644549763033176,0.8574589127686473,0.8602748380982467,0.004752454065535976,57
76,2.1215919494628905,0.03606734644380099,0.11362028121948242,0.03025995426877384,gini,17,150,"{'criterion': 'gini', 'max_depth': 17, 'n_estimators': 150}",0.8569172457359444,0.86481364497789,0.8578648136449779,0.8547062539481997,0.861339229311434,0.8584965255843335,0.859083728278041,0.8710900473933649,0.8641390205371248,0.8599873577749684,0.8608434686463434,0.00450717134585179,41
77,2.484474205970764,0.05439034054874711,0.11320359706878662,0.03027529095638982,gini,17,175,"{'criterion': 'gini', 'max_depth': 17, 'n_estimators': 175}",0.8562855337965888,0.86481364497789,0.8584965255843335,0.8540745420088439,0.8626026531901453,0.8591282375236892,0.8581358609794629,0.8707740916271722,0.8647709320695103,0.8606194690265486,0.8609698309903648,0.004638532602142046,38
